Time,Temp,RH,Pressure,Gas,Lat,Lon,RSSI,Flag,Reset,Heap1,Heap2,CPU_Temp,Td,J11
09:23:23,7.06,71.33,1012.91,31118,51.787188,-4.002444,-52,0,POWERON,206844,188120,57.2,2.226898796204803,
09:28:23,7.41,68.74,1012.94,32625,51.787198,-4.002653,-45,0,POWERON,202644,188120,57.8,2.0442264599365023,-0.521920960766572
09:33:23,7.46,69.74,1012.99,32986,51.787258,-4.002611,-45,0,POWERON,202444,188120,58.9,2.2945331477157977,5.006133755585926
09:38:23,7.37,70.49,1013.03,33169,51.787221,-4.00263,-44,0,POWERON,202444,188120,58.9,2.3583554794480492,-0.7091370192472399
09:43:23,7.2,70.76,1013.07,33515,51.78728,-4.002718,-44,0,POWERON,202244,188120,59.4,2.248842402250654,0.6441945717493845
09:48:23,6.98,71.02,1013.12,33979,51.787294,-4.002739,-45,0,POWERON,202244,188120,58.9,2.0890050769592254,0.7265332967792211
09:53:23,6.75,71.39,1013.14,34173,51.787262,-4.002691,-44,0,POWERON,202244,188120,58.9,1.940775003800518,0.6444785789509005
09:58:23,6.52,71.59,1013.15,34455,51.787176,-4.002532,-44,0,POWERON,202244,188120,58.9,1.7588027427950372,0.791183743502089
10:03:23,6.31,71.74,1013.18,34627,51.787187,-4.002516,-44,0,POWERON,202244,188120,58.9,1.5860983790945822,0.822401731906929
10:08:23,6.11,71.87,1013.18,35151,51.787279,-4.002592,-44,0,POWERON,202244,188120,58.9,1.418978606700621,0.8355988619698093
10:13:23,5.93,71.98,1013.16,35300,51.78711,-4.002553,-43,0,POWERON,202244,188120,58.3,1.267109096271746,0.8437195023826359
10:19:10,5.76,72.1,1013.11,35151,51.787188,-4.002441,-43,0,POWERON,201904,179780,58.3,1.1266944512462271,0.825968500150111
10:24:10,5.6,72.26,1013.07,35151,51.787248,-4.002653,-42,0,POWERON,202200,179780,58.3,1.0034885571469223,0.7700368381206545
10:29:10,5.46,72.35,1013.03,36000,51.787216,-4.002681,-42,0,POWERON,202200,179780,58.3,0.8859858066338612,0.8393053608075814
10:34:10,5.34,72.51,1012.99,35631,51.787147,-4.00281,-44,0,POWERON,202200,179780,58.3,0.8010627384143246,0.7076922351628039
10:39:10,5.23,72.6,1012.97,36062,51.787176,-4.002599,-44,0,POWERON,202200,179780,57.8,0.7123064546596041,0.8068753068611001
10:44:10,5.14,72.72,1012.96,36125,51.787369,-4.003535,-45,0,POWERON,202200,179780,57.8,0.6484753636932016,0.709234344071133
10:49:10,5.06,72.81,1012.94,36313,51.787191,-4.002447,-44,0,POWERON,202200,179780,57.8,0.5885138454388407,0.7495189781795107
10:54:10,4.99,72.91,1012.93,36376,51.787265,-4.002583,-43,0,POWERON,202200,179780,57.8,0.5400435601754047,0.6924326466205202
10:59:10,4.93,73.04,1012.87,36599,51.787224,-4.002567,-45,0,POWERON,202200,179780,57.8,0.5068447672266637,0.5533132158123446
11:04:10,4.86,73.07,1012.82,36890,51.787254,-4.002745,-43,0,POWERON,202200,179780,57.8,0.4450464825598622,0.8828326380971725
11:09:10,4.83,73.28,1012.79,36761,51.787237,-4.002651,-44,0,POWERON,202200,179780,57.8,0.45577328024489755,-0.35755992283450944
11:14:10,4.83,73.34,1012.78,36956,51.787316,-4.002648,-44,0,POWERON,202200,179780,57.8,0.4670818943734889,inf
11:19:10,4.83,73.32,1012.77,36890,51.787228,-4.002633,-43,0,POWERON,202156,179764,57.2,0.4633132653095899,-inf
11:24:56,4.84,73.34,1012.74,36890,51.787262,-4.002636,-43,0,POWERON,202196,179764,57.8,0.47672533954196794,1.3412074232378344
11:29:56,4.86,73.39,1012.73,37286,51.787118,-4.002755,-42,0,POWERON,202196,179764,57.8,0.5054320747048605,1.4353367581445955
11:34:56,4.9,73.45,1012.7,36858,51.787168,-4.002661,-44,0,POWERON,202196,179764,57.2,0.5553086882778612,1.2469153393250154
11:39:56,4.92,73.31,1012.65,36923,51.787178,-4.002667,-45,0,POWERON,202196,179764,57.8,0.5482149805842469,-0.35468538468072164
11:44:56,4.93,73.32,1012.58,36956,51.787236,-4.002637,-45,0,POWERON,202196,179764,57.8,0.5597440208156892,1.1529040231442547
11:49:56,4.93,73.38,1012.51,37054,51.78715,-4.002553,-42,0,POWERON,202196,179764,57.2,0.5710563386366808,inf
11:54:56,4.93,73.42,1012.44,37120,51.787125,-4.002625,-42,0,POWERON,202196,179764,57.8,0.5785933425485605,inf
11:59:56,4.92,73.43,1012.37,37087,51.787119,-4.002494,-42,0,POWERON,202196,179764,57.8,0.5708323369979054,0.7761005550655341
12:04:56,4.91,73.47,1012.31,37186,51.787178,-4.002552,-44,0,POWERON,202196,179764,57.8,0.568718882482678,0.21134545152274203
12:09:56,4.91,73.59,1012.23,37153,51.787241,-4.002478,-42,0,POWERON,202196,179764,57.2,0.5912909040669374,inf
12:14:56,4.9,73.55,1012.16,36988,51.787217,-4.002474,-42,0,POWERON,202196,179764,57.8,0.5741239678709726,1.7166936195965132
12:19:57,4.89,73.56,1012.09,36988,51.787227,-4.002734,-42,0,POWERON,202164,179756,57.2,0.566357539289926,0.7766428581046068
12:25:43,4.88,73.61,1012.01,37021,51.787194,-4.002738,-42,0,POWERON,202204,179756,57.2,0.5661073232817921,0.02502160081339131
12:30:43,4.88,73.74,1011.94,36988,51.787135,-4.002647,-42,0,POWERON,202204,179756,57.8,0.5905118742317946,inf
12:35:43,4.9,73.72,1011.86,37054,51.78733,-4.002707,-42,0,POWERON,202204,179756,57.8,0.606058111058292,0.7773118413248501
12:40:43,4.92,73.72,1011.79,37054,51.787262,-4.0027,-43,0,POWERON,202204,179756,57.8,0.6253563613499815,0.9649125145844967
12:45:43,4.94,73.71,1011.73,37120,51.787214,-4.002659,-43,0,POWERON,202204,179756,57.8,0.642777271129884,0.8710454889951057
12:50:43,4.96,73.71,1011.68,37219,51.787258,-4.002549,-43,0,POWERON,202204,179756,57.8,0.6620751047761775,0.964891682314693
12:55:43,4.97,73.71,1011.61,36825,51.787251,-4.002759,-43,0,POWERON,202204,179756,57.8,0.6717240004711521,0.964889569497483
13:00:43,4.98,73.72,1011.55,36988,51.78725,-4.002513,-43,0,POWERON,202204,179756,57.8,0.6832507743149201,1.1526773843767213
13:05:43,4.98,73.75,1011.5,37054,51.787291,-4.002518,-44,0,POWERON,202204,179756,57.8,0.6888831004402055,inf
13:10:43,4.98,73.79,1011.47,37021,51.787272,-4.002647,-44,0,POWERON,202204,179756,57.8,0.6963897194148173,inf
13:15:43,4.98,73.78,1011.42,37054,51.787213,-4.002614,-45,0,POWERON,202204,179756,57.8,0.6945134019116164,-inf
13:20:44,4.97,73.85,1011.37,36890,51.787222,-4.002709,-45,0,POWERON,202164,179756,57.8,0.6979918987702846,-0.3478496858667955
13:26:30,4.96,73.88,1011.3,36793,51.787253,-4.002785,-44,0,POWERON,202204,179756,57.8,0.6939635297303769,0.40283690399077504
13:31:30,4.95,73.88,1011.24,36728,51.787208,-4.002741,-44,0,POWERON,202196,179756,57.8,0.6843120381391844,0.9651491591192701
13:36:30,4.94,73.91,1011.18,36956,51.787226,-4.002567,-45,0,POWERON,202196,179756,58.3,0.6802802580490755,0.40317800901089357
13:41:30,4.92,73.93,1011.12,37419,51.787198,-4.002669,-45,0,POWERON,202196,179756,57.8,0.6647210519404103,0.7779603054332438
13:46:30,4.91,73.99,1011.06,36988,51.787431,-4.002709,-45,0,POWERON,202196,179756,58.3,0.6662967380824801,-0.15756861420698545
13:51:30,4.89,74.03,1011.02,36988,51.786907,-4.002785,-44,0,POWERON,202196,179756,57.8,0.6544699119724375,0.5913413055021163
13:56:30,4.88,74.06,1010.97,37021,51.787073,-4.002758,-44,0,POWERON,202196,179756,57.8,0.6504229856608615,0.40469263115760795
14:01:30,4.86,74.12,1010.91,37153,51.787368,-4.002945,-44,0,POWERON,202196,179756,57.8,0.6423203472417278,0.4051319209566948
14:06:30,4.84,74.17,1010.85,37120,51.786981,-4.002344,-42,0,POWERON,202196,179756,57.8,0.6323405294102932,0.4989908915717207
14:11:30,4.82,74.2,1010.81,37120,51.787613,-4.002733,-43,0,POWERON,202196,179756,57.8,0.6186232773304345,0.6858626039929463
14:16:30,4.8,74.24,1010.76,37087,51.787214,-4.00279,-43,0,POWERON,202196,179756,58.3,0.6067656994273827,0.5928788951525795
14:22:17,4.79,74.27,1010.73,36923,51.787351,-4.002721,-45,0,POWERON,202164,179756,57.2,0.6026973774729646,0.40683219544181726
14:27:17,4.78,74.28,1010.69,36988,51.787399,-4.002959,-44,0,POWERON,202192,179756,57.8,0.5949021002523149,0.7795277220649821
14:32:17,4.76,74.28,1010.65,36956,51.787193,-4.002689,-44,0,POWERON,202192,179756,57.8,0.5755864972727701,0.9657801489772188
14:37:17,4.75,74.31,1010.6,37021,51.787253,-4.002722,-44,0,POWERON,202192,179756,57.8,0.5715130456169193,0.40734516558509104
14:42:17,4.74,74.3,1010.57,37087,51.787345,-4.002526,-43,0,POWERON,202192,179756,57.8,0.5599936725690108,1.1519373047908756
14:47:17,4.74,74.35,1010.54,36956,51.787179,-4.002957,-44,0,POWERON,202192,179756,57.8,0.5692968818913967,inf
14:52:17,4.73,74.37,1010.52,37120,51.78715,-4.002821,-44,0,POWERON,202192,179756,57.8,0.5633574100317218,0.5939471859675043
14:57:17,4.72,74.34,1010.51,37153,51.787216,-4.002764,-43,0,POWERON,202192,179756,57.8,0.5481191591332193,1.5238250898501475
15:02:17,4.71,74.34,1010.49,36988,51.787166,-4.00274,-43,0,POWERON,202192,179756,57.2,0.5384603768657344,0.965878226748505
15:07:17,4.69,74.39,1010.49,37286,51.787169,-4.002808,-44,0,POWERON,202192,179756,57.8,0.5284377879984603,0.5011294433637177
15:12:17,4.68,74.4,1010.49,37186,51.787125,-4.002868,-43,0,POWERON,202192,179756,57.2,0.520636400789322,0.7801387209137729
15:17:17,4.67,74.45,1010.49,37153,51.787089,-4.002741,-43,0,POWERON,202192,179756,57.2,0.5202635455543385,0.03728552349835459
15:22:17,4.66,74.38,1010.49,37054,51.787158,-4.002822,-44,0,POWERON,202156,177408,57.2,0.4976009061253356,2.2662639429003413
15:28:03,4.65,74.42,1010.48,37021,51.787164,-4.002751,-44,0,POWERON,202196,177408,57.8,0.4953719488532266,0.22289572721090253
15:33:03,4.64,74.41,1010.45,37186,51.787247,-4.002758,-44,0,POWERON,202196,177408,57.8,0.4838547190943122,1.1517229758913616
15:38:03,4.63,74.37,1010.43,37120,51.787251,-4.00271,-44,0,POWERON,202196,177408,57.2,0.46676458446758157,1.709013462673101
15:43:03,4.62,74.39,1010.41,37286,51.787266,-4.002805,-44,0,POWERON,202196,177408,57.2,0.46082046052434256,0.5944123943239137
15:48:03,4.61,74.4,1010.4,37252,51.787109,-4.002566,-43,0,POWERON,202196,177408,57.2,0.453017922792414,0.7802537731928738
15:53:03,4.6,74.42,1010.39,37319,51.787216,-4.002584,-43,0,POWERON,202196,177408,57.8,0.4470713928217902,0.594652997062338
15:58:03,4.59,74.43,1010.38,37386,51.787472,-4.002472,-43,0,POWERON,202196,177408,57.2,0.43926741288217297,0.78039799396174
16:03:03,4.57,74.43,1010.36,37588,51.787439,-4.002563,-43,0,POWERON,202196,177408,57.8,0.41994676629460737,0.9660323293783007
16:08:03,4.56,74.43,1010.33,37486,51.787519,-4.002922,-44,0,POWERON,202196,177408,57.2,0.41028642250961345,0.9660343784993267
16:13:03,4.55,74.41,1010.31,37419,51.787321,-4.002783,-43,0,POWERON,202196,177408,57.2,0.39691470475869256,1.337171775092117
16:18:03,4.54,74.43,1010.26,37453,51.787465,-4.002676,-43,0,POWERON,202196,177408,57.2,0.3909656939570614,0.5949010801631309
16:23:04,4.53,74.44,1010.22,37386,51.787077,-4.002384,-45,0,POWERON,201904,177408,57.2,0.3831603576626586,0.7805336294402943
16:28:50,4.51,74.45,1010.21,37419,51.786921,-4.002176,-43,0,POWERON,202200,177408,57.8,0.36569377322705615,0.8733292217801023
16:33:50,4.5,74.48,1010.2,37486,51.787278,-4.002169,-44,0,POWERON,202200,177408,57.2,0.36159485554141496,0.40989176856412773
16:38:50,4.48,74.47,1010.19,37520,51.787476,-4.002726,-45,0,POWERON,202200,177408,57.2,0.34041904282897933,1.058790635621804
16:43:50,4.46,74.52,1010.18,37588,51.787286,-4.002667,-45,0,POWERON,202200,177408,57.2,0.33036026551881464,0.5029388655082229
16:48:50,4.44,74.52,1010.18,37520,51.787085,-4.002632,-44,0,POWERON,202200,177408,57.2,0.31103655604860425,0.9661854735105403
16:53:50,4.43,74.5,1010.18,37622,51.787168,-4.002743,-42,0,POWERON,202200,177408,57.2,0.29767089317600237,1.3365662872600979
16:58:50,4.41,74.53,1010.16,37656,51.78721,-4.00267,-42,0,POWERON,202200,177408,57.8,0.2839021534620978,0.6884369856952435
17:03:50,4.38,74.56,1010.13,37792,51.787184,-4.002672,-44,0,POWERON,202200,177408,57.2,0.2604670350700769,0.7811706130673566
17:08:50,4.36,74.62,1010.1,37826,51.787179,-4.002631,-45,0,POWERON,202200,177408,57.2,0.25223642472968466,0.41153051701962085
17:13:50,4.33,74.62,1010.08,37622,51.787242,-4.00277,-44,0,POWERON,202200,177408,57.2,0.22324592563962858,0.9663499696685279
17:18:50,4.31,74.67,1010.08,37895,51.787187,-4.002466,-44,0,POWERON,202200,177408,57.8,0.21315451623960063,0.5045704700013859
17:23:51,4.27,74.66,1010.09,37520,51.78713,-4.002375,-44,0,POWERON,202160,177408,57.2,0.17265112436469252,1.012584796872702
17:29:37,4.24,74.68,1010.08,37758,51.787306,-4.002618,-44,0,POWERON,202200,177408,57.2,0.14734952845612473,0.8433865302856108
17:34:37,4.21,74.72,1010.08,37622,51.78724,-4.002922,-44,0,POWERON,202200,177408,57.2,0.12573356030225283,0.7205322717957241
17:39:37,4.17,74.75,1010.09,37826,51.787133,-4.002636,-43,0,POWERON,202200,177408,57.2,0.09260192320601053,0.8282909274060567
17:44:37,4.14,74.78,1010.1,37895,51.787152,-4.002701,-44,0,POWERON,202200,177408,57.2,0.06913069568487243,0.7823742507045969
17:49:37,4.11,74.8,1010.1,37860,51.787103,-4.002681,-42,0,POWERON,202200,177408,57.2,0.04381404861968071,0.8438882355064086
17:54:37,4.07,74.77,1010.09,37964,51.787245,-4.002692,-45,0,POWERON,202200,177408,57.2,-0.0003735593020809111,1.1046901980440396
17:59:37,4.03,74.82,1010.07,38102,51.787071,-4.002443,-44,0,POWERON,202200,177408,57.2,-0.02983982804389945,0.7366567185454628
18:04:37,3.99,74.82,1010.05,38172,51.787184,-4.002243,-45,0,POWERON,202200,177408,57.2,-0.06850762343814518,0.9666948848561423
18:09:37,3.95,74.82,1010.04,38207,51.787167,-4.002488,-45,0,POWERON,202200,177408,57.8,-0.1071756337587134,0.9667002580142048
18:14:37,3.91,74.87,1010.03,38488,51.787295,-4.002779,-44,0,POWERON,202200,177408,57.2,-0.13665994593933442,0.7371078045155247
18:19:37,3.87,74.87,1010.05,38418,51.787075,-4.002443,-45,0,POWERON,202200,177408,57.2,-0.17533137579874453,0.9667857464852518
18:24:38,3.83,74.86,1010.06,38312,51.787233,-4.002613,-44,0,POWERON,202200,177408,56.7,-0.21583817325820223,1.0126699364864418
18:30:24,3.78,74.89,1010.08,38418,51.78713,-4.002443,-45,0,POWERON,202200,177408,57.2,-0.25867471475876797,0.8567308300113101
18:35:24,3.74,74.92,1010.08,38418,51.787206,-4.002694,-44,0,POWERON,202200,177408,57.2,-0.2918492085669175,0.8293623452037464
18:40:24,3.7,74.92,1010.08,38418,51.787154,-4.002698,-44,0,POWERON,202200,177408,57.2,-0.33052453593456416,0.9668831841911659
18:45:24,3.66,74.95,1010.09,38667,51.787113,-4.002725,-44,0,POWERON,202200,177408,57.2,-0.36370677767567444,0.8295560435277564
18:50:24,3.62,74.94,1010.09,38883,51.787182,-4.002706,-45,0,POWERON,202200,177408,57.2,-0.4042146104011189,1.0126958181361103
18:55:24,3.58,74.96,1010.1,38810,51.787222,-4.002683,-44,0,POWERON,202200,177408,56.7,-0.4392326080592395,0.8754499414530151
19:00:24,3.55,74.96,1010.14,38810,51.787224,-4.002729,-44,0,POWERON,202200,177408,56.7,-0.46824151516667933,0.9669635702479855
19:05:24,3.51,74.98,1010.11,39101,51.787251,-4.002693,-45,0,POWERON,202200,177408,56.7,-0.5032640302011046,0.8755628758606296
19:10:24,3.48,75.02,1010.08,39101,51.787214,-4.002864,-44,0,POWERON,202200,177408,56.7,-0.5249660574389872,0.7234009079294252
19:15:24,3.45,75.01,1010.1,39248,51.787206,-4.002714,-45,0,POWERON,202200,177408,56.7,-0.5558042906452884,1.027941106876713
19:20:24,3.42,75.04,1010.11,39174,51.787209,-4.002823,-44,0,POWERON,202200,177408,56.7,-0.5793392085424558,0.7844972632389081
19:26:12,3.39,75.03,1010.08,39101,51.787233,-4.002825,-43,0,POWERON,202204,177408,56.1,-0.6101772509136988,1.0279347457081063
19:31:12,3.36,75.04,1010.07,39174,51.787258,-4.002644,-42,0,POWERON,202204,177408,56.7,-0.6373655736178176,0.9062774234706212
19:36:12,3.33,75.06,1010.05,39285,51.78716,-4.002355,-44,0,POWERON,202204,177408,56.7,-0.6627315276023397,0.8455317994840728
19:41:12,3.3,75.06,1010.01,39285,51.787314,-4.002697,-44,0,POWERON,202204,177408,56.7,-0.6917459023681303,0.9671458255263455
19:46:12,3.27,75.09,1010.0,39545,51.787214,-4.002825,-42,0,POWERON,202204,177408,56.7,-0.715293573663167,0.7849223765012306
19:51:12,3.24,75.08,1009.99,39396,51.787135,-4.002644,-45,0,POWERON,202204,177408,56.7,-0.7461311398452927,1.0279188727375277
19:56:12,3.21,75.09,1010.0,39396,51.787175,-4.002545,-44,0,POWERON,202204,177408,56.7,-0.7733255984583268,0.9064819537677977
20:01:12,3.18,75.09,1009.97,39620,51.787166,-4.00263,-45,0,POWERON,202204,177408,56.7,-0.8023417900886217,0.9672063876765028
20:06:12,3.15,75.1,1009.95,39620,51.78724,-4.002448,-43,0,POWERON,202204,177408,56.7,-0.8295380402377429,0.9065416716373655
20:11:12,3.12,75.09,1009.92,39734,51.787254,-4.002981,-45,0,POWERON,202204,177408,56.7,-0.860374531818332,1.0278830526863099
20:16:12,3.09,75.07,1009.91,39885,51.787251,-4.002545,-43,0,POWERON,202204,177408,56.1,-0.8930300634411776,1.0885177207615118
20:21:12,3.06,75.06,1009.89,39658,51.787131,-4.00272,-45,0,POWERON,202204,177408,56.7,-0.9238652077727638,1.0278381443862128
20:26:12,3.02,75.08,1009.87,39583,51.787158,-4.002729,-44,0,POWERON,202156,177408,56.1,-0.9589151735544429,0.876249144541976
20:31:59,2.99,75.08,1009.86,39583,51.787213,-4.002638,-44,0,POWERON,202196,177408,56.1,-0.9879316762537872,0.9672167566448164
20:36:59,2.96,75.04,1009.86,39924,51.787293,-4.002467,-43,0,POWERON,202196,177408,56.7,-1.024220248751046,1.2096190832419467
20:41:59,2.93,75.07,1009.85,39885,51.787146,-4.002706,-44,0,POWERON,202196,177408,56.1,-1.047782260816509,0.7854004021821103
20:46:59,2.9,75.05,1009.82,40000,51.787219,-4.002705,-44,0,POWERON,202196,177408,56.1,-1.0804328688266653,1.088353600338534
20:51:59,2.86,75.05,1009.79,40231,51.787243,-4.002695,-44,0,POWERON,202196,177408,56.7,-1.1191204208958885,0.9671888017305776
20:56:59,2.83,75.01,1009.75,40270,51.787156,-4.002572,-42,0,POWERON,202196,177408,56.1,-1.1554030201754215,1.2094199759844424
21:01:59,2.8,75.02,1009.72,40309,51.787201,-4.002718,-43,0,POWERON,202140,177408,56.1,-1.1826005864767948,0.9065855433791014
21:06:59,2.77,75.02,1009.71,40348,51.787219,-4.002658,-42,0,POWERON,202140,177408,56.1,-1.2116152929031963,0.9671568808800554
21:11:59,2.73,74.99,1009.72,40623,51.787188,-4.002655,-44,0,POWERON,202140,177408,56.7,-1.2557490013563335,1.1033427113284302
21:16:59,2.7,74.99,1009.73,40504,51.787205,-4.002561,-43,0,POWERON,202140,177408,56.1,-1.2847626507017214,0.9671216448462683
21:21:59,2.66,74.98,1009.72,40781,51.787179,-4.002579,-44,0,POWERON,202140,177408,56.1,-1.325262840746496,1.0125047511193632
21:27:00,2.62,74.99,1009.7,40623,51.787219,-4.002531,-45,0,POWERON,202148,177408,55.6,-1.362132969102391,0.9217532088973738
21:32:46,2.58,74.98,1009.68,40702,51.787246,-4.002716,-45,0,POWERON,202148,177408,56.1,-1.4026323978618782,1.0124857189871819
21:37:46,2.55,74.96,1009.66,40821,51.7872,-4.003158,-44,0,POWERON,202148,177408,56.7,-1.4352738521986865,1.0880484778936015
21:42:46,2.51,74.96,1009.65,40861,51.787189,-4.002494,-42,0,POWERON,202148,177408,56.1,-1.4739579232620625,0.9671017765843994
21:47:46,2.47,74.93,1009.64,41102,51.787179,-4.002523,-43,0,POWERON,202148,177408,56.1,-1.5180817254061507,1.1030950536022157
21:52:46,2.43,74.93,1009.61,40901,51.787277,-4.002654,-43,0,POWERON,202148,177408,56.1,-1.5567644421417752,0.9670679183906119
21:57:46,2.4,74.94,1009.58,41347,51.787198,-4.002616,-43,0,POWERON,202148,177408,56.1,-1.5839642729013246,0.9066610253183041
22:02:46,2.37,74.93,1009.56,41183,51.787242,-4.002734,-42,0,POWERON,202148,177408,56.1,-1.6147889184238158,1.0274881840830468
22:07:46,2.34,74.93,1009.53,41429,51.787181,-4.002484,-44,0,POWERON,202148,177408,56.1,-1.6438013370968305,0.9670806224338167
22:12:46,2.31,74.89,1009.51,41718,51.78728,-4.002545,-42,0,POWERON,202148,177408,56.1,-1.6800600609912368,1.2086241298135518
22:17:46,2.28,74.9,1009.46,41594,51.787157,-4.002544,-42,0,POWERON,202148,177408,56.1,-1.7072595172164147,0.9066485408392535
22:22:46,2.26,74.89,1009.41,41552,51.787353,-4.002594,-43,0,POWERON,202148,177408,56.1,-1.728411591486631,1.057603713510812
22:27:47,2.23,74.86,1009.34,41594,51.787189,-4.002535,-43,0,POWERON,202148,177408,55.6,-1.7628559937838073,1.14814674323922
22:33:33,2.2,74.86,1009.3,41760,51.78723,-4.00286,-43,0,POWERON,202148,177408,55.6,-1.7918658573582569,0.9669954524816585
22:38:33,2.17,74.85,1009.27,41760,51.787239,-4.00276,-42,0,POWERON,202148,177408,55.6,-1.8226864868134842,1.0273543151742364
22:43:33,2.15,74.84,1009.25,42012,51.787112,-4.002721,-45,0,POWERON,202148,177408,55.6,-1.843836808853966,1.057516102024091
22:48:33,2.12,74.83,1009.22,42054,51.787174,-4.002883,-44,0,POWERON,202148,177408,56.1,-1.87465643477526,1.0273208640431346
22:53:33,2.09,74.81,1009.18,41928,51.787077,-4.002341,-42,0,POWERON,202148,177408,55.6,-1.90728581887259,1.0876461365776637
22:58:33,2.07,74.81,1009.17,42097,51.787167,-4.002591,-43,0,POWERON,202148,177408,55.6,-1.926624605750159,0.966939343878447
23:03:33,2.04,74.79,1009.14,42353,51.78729,-4.003006,-43,0,POWERON,202148,177408,56.1,-1.9592526726103976,1.0876022286746256
23:08:33,2.01,74.78,1009.12,42224,51.78723,-4.002792,-44,0,POWERON,202148,177408,55.6,-1.9900699526991783,1.027242669626015
23:13:33,1.98,74.78,1009.09,42525,51.787216,-4.002761,-44,0,POWERON,202148,177408,55.6,-2.0190771397746445,0.9669062358488808
23:18:33,1.95,74.76,1009.06,42699,51.787295,-4.003252,-44,0,POWERON,202148,177408,55.6,-2.051702846373523,1.0875235532959464
23:23:33,1.92,74.72,1009.03,42439,51.787199,-4.002683,-43,0,POWERON,202148,177408,55.6,-2.08794697100813,1.2081374878202331
23:28:34,1.89,74.73,1008.99,42482,51.787248,-4.002662,-43,0,POWERON,201848,177408,55.0,-2.1151425766107237,0.9065201867531228
23:34:21,1.86,74.72,1008.95,42439,51.78722,-4.00262,-42,0,POWERON,202148,177408,55.6,-2.1459568485605995,1.0271423983292016
23:39:21,1.83,74.72,1008.92,42482,51.787229,-4.002715,-42,0,POWERON,202148,177408,55.6,-2.17496196955557,0.9668373664990211
23:44:21,1.8,74.69,1008.89,42743,51.78718,-4.002669,-42,0,POWERON,202148,177408,55.6,-2.209392305897637,1.1476778780688857
23:49:21,1.77,74.68,1008.86,43007,51.787124,-4.002879,-43,0,POWERON,202148,177408,55.6,-2.240204681338551,1.0270791813638132
23:54:21,1.74,74.67,1008.81,42875,51.787219,-4.002524,-44,0,POWERON,202148,177408,55.6,-2.2710165018010744,1.027060682084105
23:59:21,1.71,74.68,1008.77,43007,51.787273,-4.002537,-45,0,POWERON,202148,177408,55.0,-2.2982122106991176,0.9065236299347738
00:04:21,1.69,74.67,1008.75,43185,51.787195,-4.002623,-42,0,POWERON,202148,177408,55.6,-2.3193555361987808,1.0571662749831559
00:09:21,1.66,74.65,1008.73,43230,51.787202,-4.00266,-42,0,POWERON,202148,177408,55.6,-2.351973619631137,1.087269447745212
00:14:21,1.64,74.63,1008.71,43320,51.787148,-4.002717,-44,0,POWERON,202148,177408,55.6,-2.3749235792625263,1.1474979815694553
00:19:21,1.62,74.62,1008.73,43545,51.787227,-4.002688,-42,0,POWERON,202148,177408,55.6,-2.3960656417314836,1.0571031234478776
00:24:21,1.59,74.63,1008.77,43774,51.787194,-4.002637,-42,0,POWERON,202148,177408,55.6,-2.4232603207077124,0.9064892992076238
00:29:22,1.57,74.63,1008.83,43320,51.787196,-4.002625,-42,0,POWERON,202108,177408,55.0,-2.442595112146032,0.9667395719159746
00:35:08,1.55,74.62,1008.85,43636,51.787388,-4.002625,-42,0,POWERON,202148,177408,55.0,-2.4637363249028423,1.0570606378405225
00:40:08,1.54,74.63,1008.85,43682,51.787191,-4.002654,-44,0,POWERON,202148,177408,55.0,-2.4715974009401993,0.7861076037356967
00:45:08,1.52,74.61,1008.82,43682,51.787325,-4.002507,-42,0,POWERON,202148,177408,55.6,-2.4945443856485086,1.1473492354154613
00:50:08,1.51,74.62,1008.82,43820,51.78716,-4.002451,-44,0,POWERON,202148,177408,55.6,-2.5024055849794067,0.7861199330898121
00:55:08,1.5,74.61,1008.81,43820,51.787141,-4.002621,-44,0,POWERON,202148,177408,55.6,-2.513878772991742,1.147318801233509
01:00:08,1.49,74.6,1008.74,43912,51.787283,-4.002703,-42,0,POWERON,202148,177408,55.6,-2.5253518919540774,1.1473118962335593
01:05:08,1.48,74.59,1008.67,44284,51.787215,-4.00273,-42,0,POWERON,202148,177408,55.0,-2.536824941889066,1.1473049934988644
01:10:08,1.48,74.62,1008.61,44097,51.787194,-4.002616,-43,0,POWERON,202148,177408,55.0,-2.5314076723916723,inf
01:15:08,1.47,74.61,1008.55,44004,51.787271,-4.002582,-43,0,POWERON,202148,177408,55.6,-2.542880455733184,1.1472783341511572
01:20:08,1.47,74.62,1008.5,44144,51.787208,-4.002618,-43,0,POWERON,202148,177408,55.6,-2.5410750619777867,inf
01:25:08,1.46,74.61,1008.46,44237,51.787265,-4.002588,-43,0,POWERON,202148,177408,55.0,-2.5525477104408703,1.147264846308359
01:30:09,1.45,74.61,1008.44,43912,51.78725,-4.00264,-44,0,POWERON,202148,177408,54.4,-2.5622149787122064,0.9667268271336118
01:35:56,1.44,74.59,1008.47,43958,51.787333,-4.002721,-42,0,POWERON,202148,177408,55.0,-2.575492800183754,1.3277821471547646
01:40:56,1.43,74.6,1008.5,43820,51.787255,-4.002582,-43,0,POWERON,202148,177408,55.6,-2.5833545701932548,0.7861770009500717
01:45:56,1.42,74.61,1008.52,44191,51.78724,-4.002696,-43,0,POWERON,202148,177408,55.0,-2.591216864908402,0.7862294715147204
01:50:56,1.4,74.59,1008.56,44284,51.787223,-4.002851,-43,0,POWERON,202148,177408,55.0,-2.614160875686398,1.1472005388998052
01:55:56,1.39,74.6,1008.63,44051,51.787293,-4.002616,-42,0,POWERON,202148,177408,55.0,-2.622023293744937,0.7862418058538705
02:00:56,1.38,74.63,1008.7,44191,51.787032,-4.002713,-43,0,POWERON,202148,177408,55.0,-2.6262783343763125,0.42550406313757133
02:05:56,1.37,74.62,1008.78,44568,51.787179,-4.002575,-42,0,POWERON,202148,177408,55.0,-2.6377497035186614,1.1471369142349164
02:10:56,1.36,74.62,1008.85,44378,51.787082,-4.002512,-43,0,POWERON,202148,177408,55.6,-2.6474172422413482,0.9667538722686766
02:15:56,1.35,74.62,1008.89,44520,51.787156,-4.002638,-43,0,POWERON,202148,177408,55.0,-2.657084794522077,0.9667552280728566
02:20:56,1.35,74.63,1008.9,44426,51.7871,-4.002605,-42,0,POWERON,202148,177408,55.0,-2.6552813956266417,inf
02:25:56,1.34,74.66,1008.93,44426,51.787225,-4.002419,-43,0,POWERON,202148,177408,55.0,-2.659540641624086,0.42592459974444236
02:30:56,1.34,74.66,1008.93,44426,51.787169,-4.002437,-43,0,POWERON,202100,177408,55.0,-2.659540641624086,
02:36:44,1.34,74.67,1008.96,44331,51.787193,-4.002661,-43,0,POWERON,202140,177408,55.0,-2.6577382465295782,inf
02:41:44,1.34,74.66,1008.97,44284,51.787183,-4.002681,-43,0,POWERON,202140,177408,55.0,-2.659540641624086,-inf
02:46:44,1.35,74.65,1008.96,44426,51.787533,-4.002794,-43,0,POWERON,202140,177408,55.0,-2.6516752396639536,0.7865401960132516
02:51:44,1.35,74.67,1008.95,44284,51.787206,-4.002774,-44,0,POWERON,202140,177408,55.0,-2.648069939110571,inf
02:56:44,1.36,74.67,1008.97,44331,51.787381,-4.002673,-39,0,POWERON,202140,177408,55.0,-2.6384016452201693,0.9668293890401793
03:01:44,1.36,74.68,1008.99,44284,51.787233,-4.002606,-42,0,POWERON,202140,177408,55.0,-2.636599167313864,inf
03:06:44,1.37,74.67,1009.0,44284,51.78718,-4.00259,-42,0,POWERON,202140,177408,55.0,-2.6287333648583453,0.7865802455518704
03:11:44,1.37,74.68,1009.01,44237,51.787218,-4.002688,-44,0,POWERON,202140,177408,55.0,-2.6269307386735705,inf
03:16:44,1.38,74.69,1009.02,44237,51.78722,-4.002804,-43,0,POWERON,202140,177408,55.0,-2.6154597628258665,1.1470975847704312
03:21:44,1.38,74.71,1009.02,44331,51.787234,-4.002579,-45,0,POWERON,202140,177408,55.0,-2.6118552823662933,inf
03:26:44,1.38,74.71,1009.0,44426,51.78719,-4.002743,-45,0,POWERON,202140,177408,55.0,-2.6118552823662933,
03:32:32,1.39,74.72,1008.99,44144,51.787138,-4.002681,-44,0,POWERON,202144,177408,55.0,-2.6003843679369125,1.147091442938074
03:37:32,1.39,74.71,1009.0,43958,51.787136,-4.002589,-43,0,POWERON,202144,177408,55.0,-2.602186435999183,-inf
03:42:32,1.39,74.72,1009.0,44097,51.787227,-4.002699,-43,0,POWERON,202144,177408,55.0,-2.6003843679369125,inf
03:47:32,1.4,74.73,1009.01,44426,51.787191,-4.002606,-44,0,POWERON,202144,177408,55.0,-2.5889133841070757,1.147098382983679
03:52:32,1.4,74.71,1009.04,44097,51.78722,-4.002663,-42,0,POWERON,202144,177408,55.6,-2.592517603137002,-inf
03:57:32,1.39,74.72,1009.05,44331,51.787291,-4.002669,-43,0,POWERON,202144,177408,55.0,-2.6003843679369125,0.7866764799910435
04:02:32,1.39,74.74,1009.07,44284,51.787248,-4.002714,-43,0,POWERON,202144,177408,55.6,-2.5967808723751724,inf
04:07:32,1.39,74.72,1009.11,44378,51.787212,-4.002656,-44,0,POWERON,202144,177408,55.0,-2.6003843679369125,-inf
04:12:32,1.38,74.73,1009.12,44331,51.78741,-4.002771,-44,0,POWERON,202144,177408,55.0,-2.608251656213281,0.7867288276368616
04:17:32,1.37,74.73,1009.15,44378,51.787206,-4.002636,-44,0,POWERON,202144,177408,55.6,-2.6179208125061413,0.9669156292860344
04:22:32,1.37,74.74,1009.19,44520,51.787288,-4.002981,-43,0,POWERON,202144,177408,55.6,-2.6161194678451145,inf
04:27:32,1.35,74.75,1009.22,44473,51.787212,-4.002578,-45,0,POWERON,202144,177408,55.0,-2.633657282322295,0.8768907238590132
04:33:19,1.34,74.75,1009.24,44473,51.787147,-4.002557,-44,0,POWERON,202104,177408,54.4,-2.6433267754146335,0.9669493092338657
04:38:19,1.33,74.75,1009.29,44097,51.787238,-4.002637,-44,0,POWERON,202144,177408,55.6,-2.6529962819884894,0.9669506573855893
04:43:19,1.32,74.75,1009.33,44284,51.787147,-4.002645,-44,0,POWERON,202144,177408,55.6,-2.6626658020438905,0.9669520055401106
04:48:19,1.3,74.76,1009.39,44284,51.787223,-4.002721,-44,0,POWERON,202144,177408,55.0,-2.6802050015859433,0.8769599771026418
04:53:19,1.28,74.75,1009.45,44615,51.787447,-4.00279,-43,0,POWERON,202144,177408,55.6,-2.70134401708152,1.05695077477883
04:58:19,1.27,74.75,1009.52,44520,51.787157,-4.002528,-44,0,POWERON,202144,177408,55.6,-2.711013604545074,0.9669587463553944
05:03:19,1.25,74.75,1009.56,44378,51.787367,-4.003018,-43,0,POWERON,202144,177408,54.4,-2.730352819917354,0.9669607686139994
05:08:19,1.24,74.75,1009.63,44759,51.7872,-4.002448,-45,0,POWERON,202144,177408,55.0,-2.7400224478261364,0.9669627908782443
05:13:19,1.22,74.71,1009.7,44520,51.78728,-4.002809,-43,0,POWERON,202144,177408,55.6,-2.7665586609336583,1.3268106553760972
05:18:19,1.2,74.73,1009.76,45097,51.78727,-4.002665,-44,0,POWERON,202144,177408,55.0,-2.7822985339687523,0.7869936517546965
05:23:19,1.18,74.71,1009.81,45000,51.787238,-4.002644,-44,0,POWERON,202144,177408,55.0,-2.80523504578742,1.1468255909333747
05:28:19,1.16,74.71,1009.86,45097,51.787061,-4.002397,-44,0,POWERON,202144,177408,55.0,-2.824573319247333,0.9669136729956609
05:33:19,1.14,74.7,1009.91,44855,51.787168,-4.002539,-44,0,POWERON,202108,177408,54.4,-2.8457102241286174,1.0568452440642186
05:39:06,1.12,74.7,1009.98,44952,51.787301,-4.002651,-42,0,POWERON,202148,177408,55.0,-2.8650483094519354,0.9669042661659121
05:44:06,1.11,74.7,1010.05,45000,51.787189,-4.002632,-42,0,POWERON,202148,177408,55.0,-2.8747173723809563,0.9669062929020802
05:49:06,1.09,74.69,1010.1,45293,51.787195,-4.002654,-43,0,POWERON,202148,177408,55.0,-2.895853588917743,1.0568108268393264
05:54:06,1.07,74.66,1010.12,45441,51.787206,-4.002617,-44,0,POWERON,202148,177408,55.0,-2.9205860544365474,1.2366232759402285
05:59:06,1.05,74.67,1010.16,45342,51.787155,-4.002603,-45,0,POWERON,202148,177408,55.0,-2.9381250467518303,0.8769496157641435
06:04:06,1.03,74.67,1010.17,45441,51.787165,-4.002582,-42,0,POWERON,202148,177408,55.0,-2.9574624868620703,0.9668720055119975
06:09:06,1.01,74.67,1010.2,45590,51.787155,-4.00252,-42,0,POWERON,202148,177408,55.0,-2.976799981090368,0.966874711414877
06:14:06,0.99,74.63,1010.24,45590,51.787217,-4.002571,-43,0,POWERON,202148,177408,55.0,-3.0033276444781607,1.3263831693896433
06:19:06,0.97,74.63,1010.29,45890,51.787284,-4.00288,-43,0,POWERON,202148,177408,55.0,-3.022664062201531,0.9668208861685059
06:24:06,0.95,74.63,1010.31,45840,51.787166,-4.002679,-43,0,POWERON,202148,177408,55.0,-3.0420005341379373,0.96682359682032
06:29:06,0.92,74.62,1010.33,45941,51.787103,-4.002562,-44,0,POWERON,202148,177408,55.0,-3.072802368905199,1.0267278255753975
06:34:07,0.9,74.63,1010.37,45689,51.787146,-4.00266,-45,0,POWERON,202116,177408,54.4,-3.0903419511624772,0.8769791128639063
06:39:53,0.88,74.62,1010.42,46093,51.787164,-4.002712,-43,0,POWERON,202148,177408,54.4,-3.1114750457123947,1.056654727495875
06:44:53,0.86,74.58,1010.47,45991,51.78721,-4.0026,-45,0,POWERON,202148,177408,54.4,-3.137998145014384,1.3261549650994675
06:49:53,0.83,74.58,1010.52,46195,51.787215,-4.00259,-42,0,POWERON,202148,177408,54.4,-3.167001099206239,0.9667651397285011
06:54:53,0.81,74.55,1010.58,46503,51.787161,-4.002537,-45,0,POWERON,202148,177408,54.4,-3.1917264981442557,1.2362699469008311
06:59:53,0.79,74.53,1010.65,46452,51.78718,-4.002687,-42,0,POWERON,202148,177408,54.4,-3.21465486134835,1.1464181602047085
07:04:53,0.76,74.53,1010.71,46659,51.787189,-4.002676,-44,0,POWERON,202148,177408,55.0,-3.243655878865575,0.9667005839075011
07:09:53,0.74,74.53,1010.76,46764,51.787165,-4.002631,-44,0,POWERON,202148,177408,54.4,-3.2629899586078492,0.9667039871137142
07:14:53,0.71,74.53,1010.8,46921,51.787218,-4.002629,-42,0,POWERON,202148,177408,54.4,-3.29199118031802,0.9667073903390232
07:19:53,0.69,74.49,1010.84,46607,51.787187,-4.002653,-44,0,POWERON,202148,177408,54.4,-3.3185096861732455,1.3259252927612752
07:24:53,0.66,74.47,1010.89,46869,51.787227,-4.002723,-42,0,POWERON,202148,177408,54.4,-3.3511018717791528,1.0864061868635786
07:29:53,0.66,74.67,1010.92,47080,51.787286,-4.002716,-38,0,POWERON,202148,177408,54.4,-3.315214890685077,inf
07:34:54,0.69,74.96,1010.98,46711,51.78716,-4.002478,-44,0,POWERON,202100,177408,54.4,-3.234309227027349,2.696855455257604
07:40:41,0.73,75.16,1011.04,46503,51.787057,-4.002258,-45,0,POWERON,202140,177408,54.4,-3.1599154317659446,1.8598448815351094
07:45:41,0.78,75.21,1011.06,46711,51.787344,-4.002898,-44,0,POWERON,202140,177408,54.4,-3.1026182305133183,1.1459440250525244
07:50:41,0.82,75.3,1011.09,46711,51.787149,-4.002464,-44,0,POWERON,202140,177408,55.0,-3.0478701654412723,1.3687016268011525
07:55:41,0.86,75.35,1011.1,46452,51.787165,-4.002518,-47,0,POWERON,202140,177408,54.4,-3.000250315407318,1.1904962508488592
08:00:41,0.92,75.6,1011.11,46297,51.787436,-4.002749,-55,0,POWERON,202140,177408,54.4,-2.897699340588979,1.7091829136389793
08:05:41,0.97,75.75,1011.14,46093,51.787335,-4.002566,-53,0,POWERON,202140,177408,55.0,-2.822651748655535,1.5009518386688845
08:10:41,1.02,75.95,1011.19,46042,51.78757,-4.002684,-47,0,POWERON,202140,177408,55.0,-2.738773156288521,1.6775718473402785
08:15:41,1.03,75.7,1011.25,45941,51.787545,-4.002862,-47,0,POWERON,202140,177408,54.4,-2.773421207835105,-3.4648051546584093
08:20:41,1.0,75.8,1011.34,45991,51.787234,-4.002868,-47,0,POWERON,202140,177408,54.4,-2.784727574832892,0.3768788999262359
08:25:41,0.96,75.86,1011.42,45941,51.7874,-4.002366,-47,0,POWERON,202140,177408,54.4,-2.812835508720451,0.7026983471889674
08:30:41,0.91,75.87,1011.49,46042,51.787261,-4.002804,-47,0,POWERON,202140,177408,55.0,-2.8594964815176898,0.9332194559447794
08:36:29,0.85,75.86,1011.53,45840,51.787229,-4.002602,-48,0,POWERON,202132,177408,54.4,-2.9193859241663302,0.9981573774773406
08:41:29,0.79,75.79,1011.57,45689,51.787296,-4.002715,-46,0,POWERON,202132,177408,54.4,-2.989894397301669,1.1751412189223127
08:46:29,0.74,75.79,1011.64,45840,51.78723,-4.00325,-47,0,POWERON,202132,177408,54.4,-3.0383221903641586,0.9685558612497926
08:51:29,0.69,75.74,1011.68,45689,51.787225,-4.002556,-48,0,POWERON,202132,177408,55.0,-3.0955987830234255,1.1455318531853365
08:56:29,0.65,75.73,1011.72,45890,51.787297,-4.002241,-47,0,POWERON,202132,177408,54.4,-3.1361083163496963,1.0127383331567728
09:01:29,0.61,75.68,1011.78,46042,51.787196,-4.002623,-47,0,POWERON,202132,177408,54.4,-3.1836965810923736,1.1897066185669314
09:06:29,0.57,75.67,1011.85,46349,51.787199,-4.002769,-47,0,POWERON,202132,177408,54.4,-3.2242030928765204,1.0126627946036684
09:11:29,0.53,75.62,1011.93,46452,51.787192,-4.002592,-47,0,POWERON,202132,177408,53.9,-3.2717886303921224,1.1896384378900526
09:16:29,0.5,75.59,1012.02,46452,51.787183,-4.002685,-47,0,POWERON,202132,177408,54.4,-3.3061495167687047,1.145362879219409
09:21:29,0.47,75.56,1012.11,46607,51.787187,-4.002599,-47,0,POWERON,202132,177408,54.4,-3.340509754270678,1.1453412500657705
09:26:29,0.45,75.55,1012.18,46764,51.787154,-4.002531,-46,0,POWERON,202132,177408,54.4,-3.36164547324784,1.0567859488580986
09:31:29,0.43,75.54,1012.27,46711,51.787244,-4.002646,-46,0,POWERON,202132,177408,54.4,-3.38278086661316,1.056769668265999
